{
  "accuracy": 0.963,
  "precision": 0.7228915662650602,
  "recall": 0.8108108108108109,
  "f1_score": 0.7643312101910829,
  "roc_auc": 0.9835969879166423,
  "confusion_matrix": [
    [
      903,
      23
    ],
    [
      14,
      60
    ]
  ],
  "train_size": 4000,
  "test_size": 1000,
  "churn_rate": 0.0736
}